,JobName,SizeX,SizeY,Mean_PerArea,Mean_PerVolume,Max_PerArea,Min_PerArea,Var_PerArea,Max_PerVolume,Min_PerVolume,Var_PerVolume,Count
0,SPI-AD7.820.02866-F-A,950.0,1000.0,83.05359285714285,105.09225,87.6801,78.2924,5.8624781303174585,117.0555,94.9185,40.17908708703704,28.0
1,SPI-AD7.820.02866-F-A,1100.0,1000.0,93.31145,119.80625,96.9891,85.5573,11.394233040555552,127.5473,111.6149,24.084173687222233,10.0
2,SPI-AD7.820.02866-F-A,750.0,2400.0001,98.3192875,104.3851375,99.8856,96.4601,1.4272264698214292,110.1257,100.9191,8.623490442678557,8.0
3,SPI-AD7.820.02866-F-A,1350.0,1800.0,89.91419,115.80088999999998,91.3688,89.1439,0.39839525433333073,122.42399999999999,112.42200000000001,10.76861308322221,10.0
4,SPI-AD7.820.02866-F-A,500.0,2599.9999,106.04897578125004,110.857115625,110.4278,100.8778,5.303337175550568,120.2044,99.1895,25.897926904635835,128.0
5,SPI-AD7.820.02866-F-A,762.0,862.0,80.1080625,100.5143,81.3877,79.2609,0.4861655255357085,106.4828,95.9674,10.937709594285716,8.0
6,SPI-AD7.820.02866-F-A,381.0,862.0,85.39131249999998,110.35641250000002,89.4575,82.5678,4.553774086964281,116.4984,102.1441,21.94633583839289,8.0
7,SPI-AD7.820.02866-F-A,1100.0,1000.0,92.47945,116.88025,95.0506,89.9083,13.22162464500003,121.8374,111.9231,49.14667224499997,2.0
8,SPI-AD7.820.02866-F-A,950.0,1000.0,84.4350956521739,109.40662391304345,88.3523,79.7017,4.829223283536233,122.4365,92.8463,62.33793566719325,46.0
9,SPI-AD7.820.02866-F-A,762.0,862.0,81.43021999999999,103.74519000000001,85.1472,78.2382,3.9407160217777726,112.6604,94.8442,23.594891327666648,10.0
10,SPI-AD7.820.02866-F-A,381.0,862.0,87.87891666666665,114.105725,91.845,84.3888,4.888361681515143,125.3466,105.2261,39.99965468386363,12.0
11,SPI-AD7.820.02866-F-A,500.0,2599.9999,104.88761333333333,109.72660833333332,109.1854,100.9323,3.959218999480225,116.0079,100.9793,15.701168135014125,60.0
12,SPI-AD7.820.02866-F-A,950.0,1000.0,80.76474999999999,95.5567,83.1161,78.4134,11.057693645000032,98.2209,92.8925,14.19592328000001,2.0
13,SPI-AD7.820.02866-F-A,762.0,862.0,83.83819375,98.6956125,90.4987,78.2937,13.277879593958323,109.6519,86.9993,26.377890333166654,16.0
14,SPI-AD7.820.02866-F-A,381.0,862.0,89.64547499999999,109.91210000000001,101.4729,81.3753,40.22046893,117.5521,99.0328,24.23361785866668,16.0
15,SPI-AD7.820.02866-F-A,762.0,862.0,78.66145,92.35505,79.5915,77.7314,1.729986005000005,92.7002,92.0099,0.2382570449999955,2.0
16,SPI-AD7.820.02866-F-A,1900.0,230.0,95.3752595744681,107.48929893617021,104.6656,86.759,10.802946075337452,120.9698,92.6138,39.21993906870854,94.0
17,SPI-AD7.820.02866-F-A,500.0,2599.9999,108.17320000000001,115.7423,109.9265,106.4199,6.148121780000021,115.8401,115.6445,0.01912968000000256,2.0
18,SPI-AD7.820.02866-F-A,1100.0,1000.0,93.53985,117.92548333333333,96.0403,91.3931,3.803942434999999,127.3414,107.3406,68.45045328966665,6.0
19,SPI-AD7.820.02866-F-A,2032.0001,2032.0001,95.68697499999999,107.7202375,96.5342,93.6975,0.8639052164285692,115.6825,87.1446,109.66241617982143,8.0
20,SPI-AD7.820.02866-F-A,1250.0,1550.0,92.89835,120.02015,93.3005,92.4962,0.3234492449999982,121.29799999999999,118.7423,3.2658012449999676,2.0
21,SPI-AD7.820.02866-F-A,1900.0,230.0,91.40952777777777,111.62123888888887,97.8575,84.9371,12.979403493888881,122.0986,98.7865,46.302327943692795,18.0
22,SPI-AD7.820.02866-F-A,500.0,2599.9999,103.16805,102.7209,104.3283,102.0078,2.69236012499999,105.0694,100.3724,11.030904500000013,2.0
23,SPI-AD7.820.02866-F-A,1100.0,1000.0,93.73089999999999,128.6689,93.8741,93.5877,0.04101248000000013,131.1141,126.2237,11.958006080000068,2.0
24,SPI-AD7.820.02866-F-A,950.0,1000.0,81.7715125,105.34532083333333,86.7917,78.3134,6.10381294201087,115.8783,93.0435,48.21635077737321,24.0
25,SPI-AD7.820.02866-F-A,1249.0,2800.0,95.85993333333333,105.01011666666666,97.0426,94.8856,0.6259692706666635,121.8642,88.7754,282.0869306176666,6.0
26,SPI-AD7.820.02866-F-A,950.0,1000.0,84.9148,99.8347,84.9148,84.9148,,99.8347,99.8347,,1.0
27,SPI-AD7.820.02866-F-A,1350.0,1800.0,89.00630000000001,102.52466666666668,90.2002,86.6688,4.0985622099999865,118.5464,89.1328,221.47711525333335,3.0
28,SPI-AD7.820.02866-F-A,950.0,1000.0,83.7455,112.5245,83.7455,83.7455,,112.5245,112.5245,,1.0
29,SPI-AD7.820.02866-F-A,2650.0001,2650.0001,96.6511,90.4156,96.6511,96.6511,,90.4156,90.4156,,1.0
30,SPI-AD7.820.02866-F-A,1250.0,1550.0,93.631325,117.45240000000001,94.7039,92.8734,0.8027692491666688,119.9591,114.2293,8.02752145333334,4.0
31,SPI-AD7.820.02866-F-A,750.0,999.0,78.01445000000001,97.4375,78.6289,77.4,0.7550976049999949,98.8469,96.0281,3.972816720000029,2.0
32,SPI-AD7.820.02866-F-A,1100.0,1000.0,91.44065,120.3367,93.49,89.3913,8.399670844999974,121.454,119.2194,2.496718580000001,2.0
33,SPI-AD7.820.02866-F-A,950.0,1000.0,79.0237,94.40322499999999,81.9201,71.1401,27.76412544666665,107.6081,69.6887,315.00687698249993,4.0
34,SPI-AD7.820.02866-F-A,2650.0001,2650.0001,95.26960000000001,97.58309999999999,96.4376,94.6815,1.023184810000003,105.4499,85.0162,120.95222892999999,3.0
35,SPI-AD7.820.02866-F-A,1100.0,1000.0,93.80375000000001,117.91395,94.4273,93.1802,0.777629205000004,122.1343,113.6936,35.622708244999934,2.0
36,SPI-AD7.820.02866-F-A,950.0,1000.0,82.7012,104.13265000000001,82.7179,82.6845,0.0005577800000000106,105.5644,102.7009,4.099816125000006,2.0
37,SPI-AD7.820.02866-F-A,1350.0,1800.0,88.4251,106.596,88.4251,88.4251,,106.596,106.596,,1.0
38,SPI-AD7.820.02866-F-A,2650.0001,2650.0001,95.91300000000001,93.813,96.4235,95.4025,0.5212205000000008,103.3572,84.2688,182.18350728000013,2.0
39,SPI-AD7.820.02866-F-A,1100.0,1000.0,88.52905833333334,107.83776666666667,91.2532,87.0228,1.6979552990151492,111.3712,102.96,7.910694593333341,12.0
40,SPI-AD7.820.02866-F-A,950.0,1000.0,80.64210555555556,104.61671666666666,84.2829,77.458,3.268932857026144,115.2686,91.7731,50.37068568735297,18.0
41,SPI-AD7.820.02866-F-A,1249.0,2800.0,95.84491666666668,101.36691666666667,96.0795,95.4706,0.043075013666665496,113.8482,89.0002,152.70116571366665,6.0
42,SPI-AD7.820.02866-F-A,2650.0001,2650.0001,96.6161,90.5221,96.6161,96.6161,,90.5221,90.5221,,1.0
43,SPI-AD7.820.02866-F-A,750.0,999.0,79.2799,108.449,79.2799,79.2799,,108.449,108.449,,1.0
44,SPI-AD7.820.02866-F-A,1250.0,1550.0,91.89275,109.29265000000001,92.7826,91.0029,1.5836660450000095,109.4614,109.1239,0.05695312499999712,2.0
45,SPI-AD7.820.02866-F-A,1800.0,1250.0,93.07537500000001,113.39313333333332,95.1779,90.7687,1.212277736590909,119.7634,104.7872,19.81956167515152,12.0
46,SPI-AD7.820.02866-F-A,750.0,999.0,77.83850000000001,101.87765,78.3027,77.3743,0.4309632799999966,106.5421,97.2132,43.51418760500004,2.0
47,SPI-AD7.820.02866-F-A,2650.0001,2650.0001,95.4139,107.35995,95.9025,94.9253,0.47745992000001025,107.3781,107.3418,0.0006588449999998952,2.0
48,SPI-AD7.820.02866-F-A,750.0,999.0,78.7296,99.1669,78.7296,78.7296,,99.1669,99.1669,,1.0
49,SPI-AD7.820.02866-F-A,2650.0001,2650.0001,94.7371,107.509,94.7371,94.7371,,107.509,107.509,,1.0
50,SPI-AD7.820.02866-F-A,950.0,1000.0,83.36715172413795,107.36429310344829,88.2734,79.6066,3.4196490369268018,119.2914,95.7164,31.084321922407746,58.0
51,SPI-AD7.820.02866-F-A,1800.0,1250.0,95.99739999999998,116.69876666666669,97.0605,94.5964,1.3450586680000032,125.0298,106.2077,47.37029284666663,6.0
52,SPI-AD7.820.02866-F-A,950.0,1000.0,81.68895789473684,106.36098421052633,86.0912,78.4756,3.8598184914619886,116.98899999999999,95.2014,36.65428234695903,19.0
53,SPI-AD7.820.02866-F-A,1100.0,1000.0,93.77746666666665,121.9582277777778,96.9952,89.4775,4.723208347058818,134.1544,110.5585,37.49895505153596,18.0
54,SPI-AD7.820.02866-F-A,1800.0,1250.0,97.99461666666667,124.91753333333334,100.12799999999999,96.0962,2.037283889666658,127.9064,120.8198,7.109113470666662,6.0
55,SPI-AD7.820.02866-F-A,320.0,2900.0001,98.2646682926829,111.7097463414634,105.4839,88.8879,15.648192396760013,122.9471,98.0895,35.01904494918398,82.0
56,SPI-AD7.820.02866-F-A,400.0,2099.9999,97.8252,111.66901818181817,102.008,93.0228,9.699958275999997,120.8598,100.226,39.42503573763638,11.0
57,SPI-AD7.820.02866-F-A,950.0,1000.0,83.09575714285714,107.66004285714287,85.5741,77.1927,8.551102286190478,116.7002,96.0538,52.12466562952381,7.0
58,SPI-AD7.820.02866-F-A,1350.0,1800.0,88.56305,117.5912,88.7582,88.3679,0.07616704499999856,120.3429,114.8395,15.143705779999996,2.0
59,SPI-AD7.820.02866-F-A,950.0,1000.0,81.6092,108.37645,83.0732,80.1452,4.286591999999992,110.8404,105.9125,12.14209920500004,2.0
60,SPI-AD7.820.02866-F-A,1100.0,1000.0,87.3338,96.4962,87.3338,87.3338,,96.4962,96.4962,,1.0
61,SPI-AD7.820.02866-F-A,1250.0,1550.0,95.23685,126.78303333333334,96.9479,93.0049,1.2088038318181804,134.0051,122.6127,13.01572572060606,12.0
62,SPI-AD7.820.02866-F-A,762.0,862.0,80.48185,106.279325,84.8733,74.8601,20.853795363333322,111.5811,102.6733,17.556389775833356,4.0
63,SPI-AD7.820.02866-F-A,381.0,862.0,85.786175,114.94155,89.329,78.8833,24.193080775833295,123.3109,103.6479,74.74209982999999,4.0
64,SPI-AD7.820.02866-F-A,750.0,999.0,78.638375,102.46010000000001,81.2085,77.1082,3.6454894891666654,106.0357,96.0444,19.570781753333367,4.0
65,SPI-AD7.820.02866-F-A,2650.0001,2650.0001,95.2598,107.7896,95.2598,95.2598,,107.7896,107.7896,,1.0
66,SPI-AD7.820.02866-F-A,750.0,999.0,77.6879,100.2567,78.5363,76.8395,1.4395651199999933,100.8058,99.7076,0.6030216200000063,2.0
67,SPI-AD7.820.02866-F-A,2650.0001,2650.0001,96.4646,114.314,97.2039,95.7253,1.0931289800000001,114.9744,113.6536,0.8722563200000073,2.0
68,SPI-AD7.820.02866-F-A,320.0,2900.0001,101.87556428571429,116.76842142857141,106.6366,97.4243,6.838192434780217,125.5285,110.9369,18.943636054120876,14.0
69,SPI-AD7.820.02866-F-A,2650.0001,2650.0001,95.5988,105.44,95.5988,95.5988,,105.44,105.44,,1.0
70,SPI-AD7.820.02866-F-A,1250.0,1550.0,92.49006999999999,112.77331,93.9376,91.0761,0.8486623601111163,121.2817,102.3996,31.571695583222215,10.0
71,SPI-AD7.820.02866-F-A,762.0,862.0,81.6384125,102.0394625,84.3587,77.2226,4.4202715269642825,104.9433,96.4907,8.223681022678566,8.0
72,SPI-AD7.820.02866-F-A,381.0,862.0,84.29634999999999,109.15911249999999,87.2374,81.1074,3.2694493914285663,115.7087,96.8926,32.522952826964264,8.0
73,SPI-AD7.820.02866-F-A,1100.0,1000.0,90.13275,109.12579999999998,93.7752,86.4202,6.790900391000011,116.5061,99.8377,36.77699311600001,6.0
74,SPI-AD7.820.02866-F-A,950.0,1000.0,82.23015,102.9204,82.6951,81.7652,0.43235700500000324,103.3794,102.4614,0.42136200000000584,2.0
75,SPI-AD7.820.02866-F-A,1350.0,1800.0,91.75255,99.3296,92.5733,90.9318,1.3472611250000126,106.4793,92.1799,102.23642017999988,2.0
76,SPI-AD7.820.02866-F-A,950.0,1000.0,83.42775,109.2095,85.3508,81.5047,7.396242605000027,113.3927,105.0263,34.99832447999999,2.0
77,SPI-AD7.820.02866-F-A,650.0,2201.0,99.1462,116.00685,100.7969,97.4955,5.449620979999956,117.6959,114.3178,5.705779804999963,2.0
78,SPI-AD7.820.02866-F-A,2450.0,2650.0001,97.2265,88.6519,97.2265,97.2265,,88.6519,88.6519,,1.0
79,SPI-AD7.820.02866-F-A,1100.0,1000.0,95.21883333333334,117.6093,97.6752,92.2077,7.704213603333336,125.8727,109.62899999999999,66.02455663000003,3.0
80,SPI-AD7.820.02866-F-A,1800.0,1250.0,98.29965,114.27515,98.4885,98.1108,0.07132864500000165,119.1438,109.4065,47.40750564500004,2.0
81,SPI-AD7.820.02866-F-A,2450.0,2650.0001,97.5783,105.1864,97.5783,97.5783,,105.1864,105.1864,,1.0
82,SPI-AD7.820.02866-F-A,650.0,2201.0,98.26861666666667,111.04805833333334,100.7851,95.4139,2.3190278306060628,118.1508,99.4385,33.03087991356061,12.0
83,SPI-AD7.820.02866-F-A,2650.0001,2650.0001,99.76855,110.73530000000001,102.5829,98.7016,3.5299765766666518,120.6585,101.9509,99.30054077333328,4.0
84,SPI-AD7.820.02866-F-A,1250.0,1550.0,109.21715,162.080525,118.00200000000001,101.2759,61.45372505666675,200.34799999999998,129.3186,990.1631543691665,4.0
85,SPI-AD7.820.02866-F-A,1100.0,1000.0,92.34369,115.29960666666663,99.0061,84.88600000000001,7.2779706836896505,128.2642,103.6404,48.37244096822988,30.0
86,SPI-AD7.820.02866-F-A,950.0,1000.0,82.39941875000002,106.05811874999999,87.7513,78.7559,5.244631146958331,117.2489,97.0294,27.60173961629167,16.0
87,SPI-AD7.820.02866-F-A,650.0,2201.0,98.50499285714287,118.57892857142858,101.0112,96.7798,2.4012568976373685,128.7173,109.6656,30.73645201142855,14.0
88,SPI-AD7.820.02866-F-A,1124.0,870.0,95.397125,111.43827500000002,97.4587,91.9715,3.6259727238636357,117.6473,104.4788,12.788531138409098,12.0
89,SPI-AD7.820.02866-F-A,1100.0,1000.0,92.13290454545455,116.94089090909088,96.1522,88.4833,5.741250651883116,126.5329,104.8918,27.68228884753246,22.0
90,SPI-AD7.820.02866-F-A,400.0,2099.9999,100.31468484848483,117.70611818181818,105.865,95.1271,5.683858311950756,125.7943,106.7786,20.560837160284102,33.0
91,SPI-AD7.820.02866-F-A,650.0,2000.0,105.24655000000001,120.76645,108.0581,102.4744,1.9880660982608673,133.0791,113.6497,37.257510922608716,24.0
92,SPI-AD7.820.02866-F-A,950.0,1000.0,81.80138571428571,105.96945000000002,85.0018,78.0563,4.782585598241763,117.6637,95.7818,34.50859928576923,14.0
93,SPI-AD7.820.02866-F-A,650.0,2549.0,95.48840000000001,103.91028999999999,96.9767,94.0882,1.0079664844444445,108.8115,99.1069,8.037122456555554,10.0
94,SPI-AD7.820.02866-F-A,1124.0,870.0,97.27854166666667,114.25296666666668,98.9241,95.2641,1.2747140499242366,119.6744,107.4381,14.389138338787882,12.0
95,SPI-AD7.820.02866-F-A,1100.0,1000.0,92.79528333333333,120.97455000000001,95.7535,88.6181,4.811045572424247,127.3443,113.0686,24.794919048181804,12.0
96,SPI-AD7.820.02866-F-A,650.0,2549.0,96.81552000000002,108.04654000000001,98.649,95.09,1.2597380995555543,111.9417,105.4036,3.2745055493333286,10.0
97,SPI-AD7.820.02866-F-A,650.0,2000.0,104.56043846153847,120.21616538461538,108.5168,101.5233,2.377095036861535,130.3749,103.2703,36.58655252715385,26.0
98,SPI-AD7.820.02866-F-A,950.0,1000.0,83.86134615384617,106.43702692307693,89.0745,79.0865,5.132084446584612,122.3448,91.0692,59.23840753484614,26.0
99,SPI-AD7.820.02866-F-A,762.0,862.0,85.61446666666669,106.53143888888889,91.0929,82.0006,5.562622004705887,116.9465,95.5488,30.866600971928126,18.0
100,SPI-AD7.820.02866-F-A,381.0,862.0,91.92701250000002,119.50356875,101.6837,86.5982,11.185430153166667,129.94299999999998,110.1056,36.766037895624976,16.0
101,SPI-AD7.820.02866-F-A,1100.0,1000.0,95.07365,122.7956,97.6818,92.6723,2.50247443714285,130.5671,110.2105,48.18341378571431,8.0
102,SPI-AD7.820.02866-F-A,762.0,862.0,79.830325,105.344725,81.919,78.8093,1.9917789291666657,111.1662,99.5207,24.238477669166656,4.0
103,SPI-AD7.820.02866-F-A,381.0,862.0,89.66314999999999,118.164075,95.7373,86.0184,20.3257446966667,123.7457,110.7771,30.570266749166635,4.0
104,SPI-AD7.820.02866-F-A,762.0,862.0,83.0936375,106.4729625,87.0413,78.4162,9.473937971249997,118.5673,98.4078,41.014348416964324,8.0
105,SPI-AD7.820.02866-F-A,381.0,862.0,91.03548749999999,120.51875000000001,94.1915,88.3529,4.012198115535711,129.371,113.1946,28.804134377142873,8.0
106,SPI-AD7.820.02866-F-A,950.0,1000.0,82.4490857142857,110.03183571428572,84.4209,79.4674,2.183955432087917,116.7422,101.7244,17.739723108626364,14.0
107,SPI-AD7.820.02866-F-A,1124.0,870.0,96.519225,114.3660375,99.5617,94.3099,3.120019483333329,121.1586,107.118,22.17939408916667,16.0
108,SPI-AD7.820.02866-F-A,1100.0,1000.0,93.00933749999999,124.05673749999998,96.6768,88.7345,4.649989750499999,134.2196,114.6251,28.44884574516667,16.0
109,SPI-AD7.820.02866-F-A,650.0,2000.0,104.16789999999999,119.95890128205134,107.7727,100.9637,2.060512062337664,137.2368,107.2985,42.67059631389444,78.0
110,SPI-AD7.820.02866-F-A,1100.0,1000.0,95.12365,126.8406,95.9338,94.3135,1.3126860450000004,128.5154,125.1658,5.609910079999985,2.0
111,SPI-AD7.820.02866-F-A,950.0,1000.0,84.15932727272727,107.47025454545452,88.7682,79.0649,5.7863506058874385,123.8339,93.5335,49.89290425212121,22.0
112,SPI-AD7.820.02866-F-A,762.0,862.0,84.55149999999999,100.04931666666668,88.9352,79.749,8.817348300000006,111.3157,90.397,82.5528202576667,6.0
113,SPI-AD7.820.02866-F-A,381.0,862.0,90.10182499999999,112.20469999999999,94.9461,86.1994,9.026276876428568,124.09200000000001,103.9116,54.185713625714314,8.0
114,SPI-AD7.820.02866-F-A,1100.0,1000.0,91.15736666666668,114.09111666666668,93.8946,89.324,2.2684570266666646,117.1511,110.8214,6.556433717666691,6.0
115,SPI-AD7.820.02866-F-A,400.0,1850.0,110.66086481481481,123.72889814814816,117.101,107.5626,3.5648989800593998,130.2529,116.60700000000001,8.42912180433613,54.0
116,SPI-AD7.820.02866-F-A,500.0,2599.9999,106.92602031249999,109.13639062500006,109.9931,102.6507,1.688614153442422,119.9414,97.4554,18.250725546368116,128.0
117,SPI-AD7.820.02866-F-A,762.0,862.0,87.01095,104.17514999999999,92.49700000000001,83.6621,6.961481528571462,109.2066,99.1531,14.35264779999998,8.0
118,SPI-AD7.820.02866-F-A,381.0,862.0,90.9393,112.21155,98.2607,84.3835,24.41268583142857,116.6934,106.2335,14.38227104571426,8.0
119,SPI-AD7.820.02866-F-A,1100.0,1000.0,93.9693,117.51355000000001,96.3614,91.5772,11.444284819999993,117.7501,117.277,0.11191180500000109,2.0
120,SPI-AD7.820.02866-F-A,950.0,1000.0,88.10324642857141,112.24412142857145,93.6065,82.5772,5.877208349986768,132.0323,102.3798,43.22539878841267,28.0
121,SPI-AD7.820.02866-F-A,1100.0,1000.0,97.21802,123.93327,104.0649,86.4849,23.952186066222225,139.1082,106.0736,102.8629917623334,10.0
122,SPI-AD7.820.02866-F-A,750.0,2400.0001,100.625375,104.85402500000001,102.8041,97.1065,4.956259667857151,112.2638,98.5755,31.70637396785713,8.0
123,SPI-AD7.820.02866-F-A,1350.0,1800.0,92.61483000000001,123.3217,95.1332,91.1007,1.8967476734444497,129.1593,119.9541,8.916562611111114,10.0
124,SPI-AD7.820.02866-F-A,950.0,1000.0,89.59216739130434,119.98281521739128,93.6352,85.0555,4.464285616024151,134.6651,100.33,47.90180473687438,46.0
125,SPI-AD7.820.02866-F-A,762.0,862.0,89.22632999999999,117.71961999999999,93.5172,85.7808,7.435428900111115,127.2567,106.9226,56.087431175111085,10.0
126,SPI-AD7.820.02866-F-A,381.0,862.0,96.18190833333331,130.59775833333333,100.7876,89.4533,16.597922746287892,139.4854,124.4803,23.07785708265151,12.0
127,SPI-AD7.820.02866-F-A,500.0,2599.9999,108.36200666666667,112.04281499999999,111.5216,104.7522,3.4700890111412424,122.4453,99.9386,36.61227282875423,60.0
128,SPI-AD7.820.02866-F-A,950.0,1000.0,85.2996,106.04575,87.22,83.3792,7.375872320000006,110.2945,101.79700000000001,36.1037531249999,2.0
129,SPI-AD7.820.02866-F-A,762.0,862.0,84.444375,99.16585625,88.1435,79.2843,7.282583473999998,107.2256,88.6093,32.85673107995833,16.0
130,SPI-AD7.820.02866-F-A,381.0,862.0,92.87634374999999,113.49128749999998,102.0451,87.0797,12.613044241291668,123.77600000000001,105.3399,22.381676107833353,16.0
131,SPI-AD7.820.02866-F-A,762.0,862.0,81.796,99.59620000000001,82.49600000000001,81.096,0.980000000000008,102.5579,96.6345,17.543333780000005,2.0
132,SPI-AD7.820.02866-F-A,1900.0,230.0,101.68542553191486,115.14908617021275,108.0935,95.9882,6.654394942136812,129.4952,97.55799999999999,50.34140973002175,94.0
133,SPI-AD7.820.02866-F-A,500.0,2599.9999,109.4564,105.1642,111.1495,107.7633,5.733175220000008,106.6078,103.7206,4.167961919999979,2.0
134,SPI-AD7.820.02866-F-A,1100.0,1000.0,95.52893333333333,120.39483333333332,98.1296,92.898,4.123179374666674,127.4105,112.4507,39.677650558666684,6.0
135,SPI-AD7.820.02866-F-A,2032.0001,2032.0001,96.60303750000001,109.9099375,98.4121,93.5592,2.5274512741071353,120.0424,88.1529,105.38114750839281,8.0
136,SPI-AD7.820.02866-F-A,1250.0,1550.0,94.76554999999999,118.13395,95.4354,94.0957,0.8973980450000103,120.2764,115.9915,9.18018400499997,2.0
137,SPI-AD7.820.02866-F-A,1900.0,230.0,98.68335555555555,120.7128111111111,106.4482,94.7567,8.07622994261439,133.3518,111.1688,37.3378070575163,18.0
138,SPI-AD7.820.02866-F-A,500.0,2599.9999,106.88465,109.18515,108.0251,105.7442,2.6012524049999737,110.8359,107.5344,5.449951124999967,2.0
139,SPI-AD7.820.02866-F-A,1100.0,1000.0,99.80095,131.57330000000002,100.5388,99.0631,1.088845244999984,132.9359,130.2107,3.7133575200000024,2.0
140,SPI-AD7.820.02866-F-A,950.0,1000.0,87.21984166666668,114.14171666666668,93.0647,83.7481,5.973017497318843,123.9492,106.1351,25.121593544057973,24.0
141,SPI-AD7.820.02866-F-A,1249.0,2800.0,98.72086666666667,106.49351666666666,101.8006,96.4822,3.9792209546666717,127.0203,83.5628,439.9778277176668,6.0
142,SPI-AD7.820.02866-F-A,950.0,1000.0,88.3613,102.3494,88.3613,88.3613,,102.3494,102.3494,,1.0
143,SPI-AD7.820.02866-F-A,1350.0,1800.0,92.48986666666667,105.5998,93.3548,92.0292,0.5618774933333298,122.0897,89.9458,258.8316234099998,3.0
144,SPI-AD7.820.02866-F-A,950.0,1000.0,85.7427,117.0309,85.7427,85.7427,,117.0309,117.0309,,1.0
145,SPI-AD7.820.02866-F-A,2650.0001,2650.0001,96.4251,88.1311,96.4251,96.4251,,88.1311,88.1311,,1.0
146,SPI-AD7.820.02866-F-A,1250.0,1550.0,98.02575,120.715525,99.0634,95.9264,2.0162738233333353,123.485,117.2493,8.460780769166652,4.0
147,SPI-AD7.820.02866-F-A,750.0,999.0,78.69515000000001,111.7697,79.5772,77.8131,1.5560244049999985,115.7954,107.744,32.41252098000001,2.0
148,SPI-AD7.820.02866-F-A,1100.0,1000.0,94.21115,123.2646,94.4686,93.9537,0.13256100499999857,123.9406,122.5886,0.9139520000000052,2.0
149,SPI-AD7.820.02866-F-A,950.0,1000.0,85.449875,104.686825,89.8939,81.1558,13.623347102500013,111.7938,96.103,51.08188978916672,4.0
150,SPI-AD7.820.02866-F-A,2650.0001,2650.0001,95.35836666666665,95.70530000000001,95.8717,94.5302,0.524245583333339,104.5056,80.1419,182.7021106299999,3.0
151,SPI-AD7.820.02866-F-A,1100.0,1000.0,94.95315,123.68010000000001,95.7372,94.1691,1.229468805000002,125.412,121.9482,5.998955220000022,2.0
152,SPI-AD7.820.02866-F-A,950.0,1000.0,86.99475000000001,111.112,87.1897,86.7998,0.07601100499999892,111.9779,110.2461,1.4995656200000118,2.0
153,SPI-AD7.820.02866-F-A,1350.0,1800.0,88.9744,104.9546,88.9744,88.9744,,104.9546,104.9546,,1.0
154,SPI-AD7.820.02866-F-A,2650.0001,2650.0001,95.77199999999999,94.4126,96.2718,95.2722,0.49960008000000095,105.8683,82.9569,262.46612498,2.0
155,SPI-AD7.820.02866-F-A,1100.0,1000.0,92.47168333333336,112.30546666666667,95.1165,90.2419,2.1821134124242403,122.8795,106.4391,18.3335861151515,12.0
156,SPI-AD7.820.02866-F-A,950.0,1000.0,83.03104444444443,105.38133333333334,86.3397,79.6079,4.043367583790847,115.0851,95.5197,41.40075922470587,18.0
157,SPI-AD7.820.02866-F-A,1249.0,2800.0,96.94373333333334,101.42456666666665,97.6717,95.8288,0.5675885266666651,118.1857,85.2067,282.7894876226666,6.0
158,SPI-AD7.820.02866-F-A,2650.0001,2650.0001,96.5412,90.0297,96.5412,96.5412,,90.0297,90.0297,,1.0
159,SPI-AD7.820.02866-F-A,750.0,999.0,81.8098,115.5846,81.8098,81.8098,,115.5846,115.5846,,1.0
160,SPI-AD7.820.02866-F-A,1250.0,1550.0,94.07925,115.9103,94.1461,94.0124,0.008937845000000614,117.6748,114.1458,6.226920500000038,2.0
161,SPI-AD7.820.02866-F-A,1800.0,1250.0,95.82943333333333,119.24648333333334,98.2974,93.4934,2.472772347878789,128.7581,107.4096,28.752426130606093,12.0
162,SPI-AD7.820.02866-F-A,750.0,999.0,79.77324999999999,106.9119,80.5106,79.0359,1.087370044999998,109.4886,104.3352,13.278765780000025,2.0
163,SPI-AD7.820.02866-F-A,2650.0001,2650.0001,94.858,104.10265000000001,95.4028,94.3132,0.5936140800000047,106.7424,101.4629,13.936560124999993,2.0
164,SPI-AD7.820.02866-F-A,750.0,999.0,79.5966,98.0912,79.5966,79.5966,,98.0912,98.0912,,1.0
165,SPI-AD7.820.02866-F-A,2650.0001,2650.0001,94.9429,105.9122,94.9429,94.9429,,105.9122,105.9122,,1.0
166,SPI-AD7.820.02866-F-A,950.0,1000.0,87.45903793103452,114.23604482758623,95.8784,82.6336,5.5425610778342405,127.3359,101.3646,39.226302243920145,58.0
167,SPI-AD7.820.02866-F-A,1800.0,1250.0,95.8077,115.75755,97.0573,94.3866,0.9706478399999984,118.8919,112.9058,7.337085123000021,6.0
168,SPI-AD7.820.02866-F-A,950.0,1000.0,83.58813684210527,107.4745842105263,87.0956,80.1715,3.9596754269005894,118.3628,95.9076,32.48453464584795,19.0
169,SPI-AD7.820.02866-F-A,1100.0,1000.0,93.98092777777781,124.21525000000003,99.5013,88.01100000000001,9.656387163300641,134.2399,113.3437,42.17896593794121,18.0
170,SPI-AD7.820.02866-F-A,1800.0,1250.0,99.11434999999999,126.75639999999999,100.6515,97.2717,1.5117408110000006,131.0169,121.1375,10.72164373199998,6.0
171,SPI-AD7.820.02866-F-A,320.0,2900.0001,103.9459646341463,113.79205609756097,109.3894,94.3709,11.212781035400473,129.6628,95.7565,66.15773173014752,82.0
172,SPI-AD7.820.02866-F-A,400.0,2099.9999,98.9493090909091,105.63248181818182,104.4036,95.0322,11.471834784909088,116.2539,95.8498,56.62348924363637,11.0
173,SPI-AD7.820.02866-F-A,950.0,1000.0,83.72932857142858,106.86144285714285,86.3466,78.1846,6.907319349047614,114.7033,95.7908,48.002509889523786,7.0
174,SPI-AD7.820.02866-F-A,1350.0,1800.0,89.11064999999999,113.67885000000001,89.5458,88.6755,0.37871104500000025,114.2753,113.0824,0.7115052049999935,2.0
175,SPI-AD7.820.02866-F-A,950.0,1000.0,83.57475,106.844,83.7038,83.4457,0.03330780499999972,108.0916,105.5964,3.1130115199999926,2.0
176,SPI-AD7.820.02866-F-A,1100.0,1000.0,89.0892,95.2122,89.0892,89.0892,,95.2122,95.2122,,1.0
177,SPI-AD7.820.02866-F-A,1250.0,1550.0,94.55584999999998,123.74762500000001,96.4429,92.1579,1.3460481590909041,131.5279,114.5545,25.853422227499973,12.0
178,SPI-AD7.820.02866-F-A,762.0,862.0,81.1728,100.57012499999999,83.5824,79.7814,2.7540986400000076,104.41,97.4401,12.006935002499995,4.0
179,SPI-AD7.820.02866-F-A,381.0,862.0,85.50049999999999,107.498675,86.5218,83.94,1.2520992600000003,111.7313,100.193,27.48629890916669,4.0
180,SPI-AD7.820.02866-F-A,750.0,999.0,77.94175000000001,97.678325,79.9727,76.0479,3.006698643333337,101.9753,88.4811,38.413677229166694,4.0
181,SPI-AD7.820.02866-F-A,2650.0001,2650.0001,93.2564,106.249,93.2564,93.2564,,106.249,106.249,,1.0
182,SPI-AD7.820.02866-F-A,750.0,999.0,77.73025000000001,98.06085,78.0763,77.3842,0.2395012049999975,100.512,95.6097,12.016272644999985,2.0
183,SPI-AD7.820.02866-F-A,2650.0001,2650.0001,95.58955,110.84355000000001,95.6678,95.5113,0.012246124999999075,113.2501,108.43700000000001,11.58296580499996,2.0
184,SPI-AD7.820.02866-F-A,320.0,2900.0001,102.46657857142857,110.49565714285714,106.5418,99.0414,4.661318921813187,115.9084,103.2096,17.72338986725276,14.0
185,SPI-AD7.820.02866-F-A,2650.0001,2650.0001,95.7062,110.4968,95.7062,95.7062,,110.4968,110.4968,,1.0
186,SPI-AD7.820.02866-F-A,1250.0,1550.0,92.46942,113.83977,95.3822,90.76299999999999,2.3130229284444486,123.7222,103.1491,43.48314504899997,10.0
187,SPI-AD7.820.02866-F-A,762.0,862.0,85.10291250000002,104.24217499999999,86.9208,82.2675,3.0332970812500055,110.2012,100.0975,8.96126651357143,8.0
188,SPI-AD7.820.02866-F-A,381.0,862.0,90.16940000000001,114.4809875,93.6333,87.4078,4.768082914285723,119.5093,110.3482,8.215964689821412,8.0
189,SPI-AD7.820.02866-F-A,1100.0,1000.0,92.05941666666666,109.89880000000001,97.4494,89.4045,8.279941437666668,118.3785,105.45700000000001,19.292709735999996,6.0
190,SPI-AD7.820.02866-F-A,950.0,1000.0,84.53229999999999,104.31320000000001,85.8455,83.2191,3.44898848000001,106.5044,102.12200000000001,9.602714879999956,2.0
191,SPI-AD7.820.02866-F-A,1350.0,1800.0,91.1917,99.8024,91.2761,91.1073,0.01424672000000076,110.5388,89.066,230.54056991999983,2.0
192,SPI-AD7.820.02866-F-A,950.0,1000.0,83.88335,111.11045,84.4146,83.3521,0.564453125,112.935,109.2859,6.657965405000016,2.0
193,SPI-AD7.820.02866-F-A,650.0,2201.0,97.29615,113.3803,98.8719,95.7204,4.965976124999996,113.7589,113.0017,0.2866759199999981,2.0
194,SPI-AD7.820.02866-F-A,2450.0,2650.0001,96.1255,88.5533,96.1255,96.1255,,88.5533,88.5533,,1.0
195,SPI-AD7.820.02866-F-A,1100.0,1000.0,95.2471,111.46906666666666,97.5207,93.9453,3.904167720000006,119.822,104.9437,57.84595266333332,3.0
196,SPI-AD7.820.02866-F-A,1800.0,1250.0,99.68935,114.19534999999999,99.7964,99.5823,0.02291940500000042,120.0131,108.3776,67.69243012499993,2.0
197,SPI-AD7.820.02866-F-A,2450.0,2650.0001,96.9754,106.9735,96.9754,96.9754,,106.9735,106.9735,,1.0
198,SPI-AD7.820.02866-F-A,650.0,2201.0,95.24474166666668,108.57402499999999,96.8995,92.9692,1.120906375378786,119.2719,98.7482,40.653193343863656,12.0
199,SPI-AD7.820.02866-F-A,2650.0001,2650.0001,96.8183,103.97427499999999,97.5814,96.4495,0.26617610000000086,118.9799,91.6755,160.34430090916666,4.0
200,SPI-AD7.820.02866-F-A,1250.0,1550.0,102.59687500000001,153.14535,110.7732,96.4399,43.362822129166695,188.2744,125.3247,735.7095102700001,4.0
201,SPI-AD7.820.02866-F-A,1100.0,1000.0,93.15645666666664,119.36154333333333,98.0373,86.0079,5.15692360391954,133.1567,108.3872,45.1338310625402,30.0
202,SPI-AD7.820.02866-F-A,950.0,1000.0,86.92481875,110.5959125,92.1401,83.4234,6.149011705625004,117.84299999999999,100.1499,26.90075600116665,16.0
203,SPI-AD7.820.02866-F-A,650.0,2201.0,96.75207857142857,116.7374,99.0815,94.1986,2.4573994141208786,128.4457,105.0548,50.753203375384615,14.0
204,SPI-AD7.820.02866-F-A,1124.0,870.0,98.61430833333334,112.39305,102.6799,95.9381,4.489646135378782,119.4548,105.2667,11.921249890000006,12.0
205,SPI-AD7.820.02866-F-A,1100.0,1000.0,95.16494545454545,121.29609545454542,101.4563,89.4453,8.728919954978355,130.1772,112.5339,31.983415861406904,22.0
206,SPI-AD7.820.02866-F-A,400.0,2099.9999,105.71123636363637,125.86067878787881,111.8811,101.5831,5.272759885511364,131.9234,116.4426,12.504339447973473,33.0
207,SPI-AD7.820.02866-F-A,650.0,2000.0,107.03101666666664,124.53458333333329,112.3871,103.0384,5.646050665797103,137.16899999999998,111.2122,42.618349089275355,24.0
208,SPI-AD7.820.02866-F-A,950.0,1000.0,86.1607357142857,109.97722142857144,90.6124,81.0659,7.583370297857131,119.1663,99.6628,41.827731946428585,14.0
209,SPI-AD7.820.02866-F-A,650.0,2549.0,96.2744,108.91496000000002,98.9601,94.9881,1.4969432911111087,114.4178,105.4674,6.441933738222227,10.0
210,SPI-AD7.820.02866-F-A,1124.0,870.0,98.51300833333335,112.66308333333336,100.9218,96.6661,1.93961355356061,119.6293,107.4209,10.678795023333327,12.0
211,SPI-AD7.820.02866-F-A,1100.0,1000.0,96.39989166666668,125.17633333333333,99.2222,93.0715,5.635799613560608,132.2693,117.9539,21.36531483696966,12.0
212,SPI-AD7.820.02866-F-A,650.0,2549.0,96.98349,108.05653,100.5959,95.0078,2.079934680999998,111.2594,104.6688,4.105559308999991,10.0
213,SPI-AD7.820.02866-F-A,650.0,2000.0,106.0358346153846,121.53212307692306,112.0796,96.9001,9.543775743153846,131.9918,102.0654,41.217425250646166,26.0
214,SPI-AD7.820.02866-F-A,950.0,1000.0,84.90776428571428,109.69866428571429,90.3578,80.2774,5.653398362472521,118.071,101.2849,18.77332029939561,14.0
215,SPI-AD7.820.02866-F-A,1124.0,870.0,98.40715625,110.02911250000001,102.0987,94.6116,4.493088062625003,119.4804,102.1505,28.880353473166696,16.0
216,SPI-AD7.820.02866-F-A,1100.0,1000.0,95.26055625000001,123.43764374999999,99.5468,90.9183,8.52471494129166,133.8939,111.2498,36.80195834395832,16.0
217,SPI-AD7.820.02866-F-A,650.0,2000.0,103.92513717948717,119.01484358974358,109.5213,98.2408,4.642361872755576,136.8557,96.5334,43.72059508820515,78.0
218,SPI-AD7.820.02866-F-A,950.0,1000.0,87.41360384615385,110.65234999999998,92.2498,80.6265,9.79543463638462,123.7166,91.9945,71.42621362179999,26.0
219,SPI-AD7.820.02866-F-A,762.0,862.0,88.95257222222222,109.09749444444444,92.3242,86.1586,3.1527044197712395,124.0958,99.8147,62.05069989584966,18.0
220,SPI-AD7.820.02866-F-A,381.0,862.0,97.72728749999999,121.40609375,103.8546,90.1027,9.801061346500001,135.6009,109.3555,60.12456639529161,16.0
221,SPI-AD7.820.02866-F-A,1100.0,1000.0,98.6336625,124.8260125,102.3019,93.7687,9.76787215696429,136.6708,109.4404,102.00510292982152,8.0
222,SPI-AD7.820.02866-F-A,762.0,862.0,87.1373,112.329375,88.8599,85.1666,2.745426486666658,116.6978,108.88799999999999,11.202521309166691,4.0
223,SPI-AD7.820.02866-F-A,381.0,862.0,96.87895,124.042175,104.0775,90.2021,52.160071216666644,131.4801,118.5437,33.40153640916664,4.0
224,SPI-AD7.820.02866-F-A,762.0,862.0,87.17944999999999,110.4848125,89.1722,84.1875,3.7389710371428575,115.833,104.0837,19.01391262410714,8.0
225,SPI-AD7.820.02866-F-A,381.0,862.0,95.4992125,122.1566625,98.291,93.3159,2.70255791553571,126.5386,120.0771,4.852284096964283,8.0
226,SPI-AD7.820.02866-F-A,1100.0,1000.0,97.54865000000001,128.05335000000002,98.7913,96.306,3.0883580450000236,128.3745,127.7322,0.20627464500000375,2.0
227,SPI-AD7.820.02866-F-A,950.0,1000.0,87.25840000000001,109.53095909090915,93.3248,83.0007,8.047828875238096,127.9085,97.2721,57.598506128246775,22.0
228,SPI-AD7.820.02866-F-A,762.0,862.0,87.32793333333332,104.21298333333334,90.8877,83.9885,8.997234330666661,117.2354,94.1917,96.20649152166663,6.0
229,SPI-AD7.820.02866-F-A,381.0,862.0,96.2727375,119.58165,100.5548,93.3997,6.714183036964288,132.8922,109.8218,84.65189740285713,8.0
230,SPI-AD7.820.02866-F-A,1100.0,1000.0,93.66113333333332,112.14729999999999,99.5223,88.7657,15.844207602666671,120.4096,106.3261,30.556497840000002,6.0
231,SPI-AD7.820.02866-F-A,400.0,1850.0,114.17939444444443,124.36337962962963,119.4,110.0941,4.746491241666668,130.7612,113.1703,15.360033011841375,54.0
232,SPI-AD7.820.02866-F-A,950.0,1000.0,93.61526071428571,107.20013214285716,100.5086,88.132,8.65924459951058,118.1063,94.229,44.667313793373005,28.0
233,SPI-AD7.820.02866-F-A,1100.0,1000.0,104.76025,118.89154,109.0638,96.4391,15.097212358333337,131.2015,100.7474,95.20951925377783,10.0
234,SPI-AD7.820.02866-F-A,750.0,2400.0001,100.07855,101.7351625,104.1372,95.6063,6.714601151428572,113.6147,94.1093,41.820651468392846,8.0
235,SPI-AD7.820.02866-F-A,1350.0,1800.0,97.34939,117.57090000000001,98.616,96.3319,0.6948667032222217,128.1573,110.6729,27.353203008888872,10.0
236,SPI-AD7.820.02866-F-A,500.0,2599.9999,114.77922343749998,112.45264375,121.7336,104.3597,10.39430535015502,128.1552,91.8466,45.47672440295276,128.0
237,SPI-AD7.820.02866-F-A,762.0,862.0,87.198075,109.0642875,92.7502,81.1966,25.435477333571416,111.8312,105.26299999999999,4.808107201250004,8.0
238,SPI-AD7.820.02866-F-A,381.0,862.0,122.36059999999999,137.85750000000002,137.3705,106.7323,98.88852286,146.9422,129.2412,33.05007944857145,8.0
239,SPI-AD7.820.02866-F-A,1100.0,1000.0,103.09209999999999,119.74414999999999,104.1493,102.0349,2.235343680000007,122.0469,117.4414,10.605315124999963,2.0
240,SPI-AD7.820.02866-F-A,950.0,1000.0,96.17855434782611,111.66525869565221,104.4378,90.9691,11.732214178536228,124.9244,96.0528,36.162167598478256,46.0
241,SPI-AD7.820.02866-F-A,762.0,862.0,90.79714000000001,111.32211,96.8264,84.5342,16.962861920444446,121.1526,102.6115,57.67745180100001,10.0
242,SPI-AD7.820.02866-F-A,381.0,862.0,104.49096666666667,123.97631666666668,113.7049,96.6281,22.57464311696969,135.0027,119.4105,18.52758982333334,12.0
243,SPI-AD7.820.02866-F-A,500.0,2599.9999,114.12024833333332,114.43623333333332,118.0296,111.0837,3.1589898859293806,121.0366,105.3445,11.549949879548025,60.0
244,SPI-AD7.820.02866-F-A,950.0,1000.0,90.10005000000001,104.33080000000001,91.5074,88.6927,3.9612680450000055,105.5412,103.1204,2.93013632,2.0
245,SPI-AD7.820.02866-F-A,762.0,862.0,87.69416875000002,106.18302499999999,94.5809,82.3954,15.123890384958331,115.2621,98.0803,21.61190797133335,16.0
246,SPI-AD7.820.02866-F-A,381.0,862.0,115.21131874999999,127.861675,123.2015,109.1555,18.920596942958337,138.6799,118.2922,36.87323217533337,16.0
247,SPI-AD7.820.02866-F-A,762.0,862.0,84.36269999999999,93.37639999999999,85.4687,83.2567,2.446472000000007,95.491,91.2618,8.943066320000025,2.0
248,SPI-AD7.820.02866-F-A,1900.0,230.0,98.50266111111111,118.26537222222221,104.1505,92.4909,13.017249146045748,131.0207,108.9007,37.03796912683007,18.0
249,SPI-AD7.820.02866-F-A,500.0,2599.9999,112.98185000000001,105.261,113.9961,111.9676,2.0574061249999875,106.4581,104.0639,2.8660968199999948,2.0
250,SPI-AD7.820.02866-F-A,1900.0,230.0,101.1298670212766,112.52840744680854,106.6108,92.7622,8.304960919868448,128.446,93.6905,53.03490212585792,94.0
251,SPI-AD7.820.02866-F-A,500.0,2599.9999,116.5153,110.51345,118.5306,114.5,8.122868180000028,111.7768,109.2501,3.192106444999977,2.0
252,SPI-AD7.820.02866-F-A,1100.0,1000.0,106.09038333333335,122.21286666666667,108.9277,103.40799999999999,4.156720813666685,131.2375,110.0463,62.04743398666674,6.0
253,SPI-AD7.820.02866-F-A,2032.0001,2032.0001,98.9715625,100.32507500000001,101.6059,93.921,6.232673419821423,115.945,78.9179,144.68404489928565,8.0
254,SPI-AD7.820.02866-F-A,1250.0,1550.0,103.68969999999999,123.26355000000001,104.40899999999999,102.9704,1.034784979999991,126.5513,119.9758,21.618600124999944,2.0
255,SPI-AD7.820.02866-F-A,1100.0,1000.0,100.9564,124.09885,100.969,100.9438,0.00031751999999995247,124.9037,123.294,1.2955670450000059,2.0
256,SPI-AD7.820.02866-F-A,950.0,1000.0,95.17596250000001,114.09674999999997,100.6169,91.13799999999999,5.95228612070652,123.3232,105.448,27.071914380869572,24.0
257,SPI-AD7.820.02866-F-A,1249.0,2800.0,101.59158333333333,108.71803333333334,104.329,98.9977,5.846279341666656,124.822,92.1672,276.49394263066677,6.0
258,SPI-AD7.820.02866-F-A,950.0,1000.0,92.0954,97.6442,92.0954,92.0954,,97.6442,97.6442,,1.0
259,SPI-AD7.820.02866-F-A,1350.0,1800.0,95.71763333333332,107.85876666666667,97.4205,94.5399,2.2812878533333394,123.5536,95.6742,203.55671514333338,3.0
260,SPI-AD7.820.02866-F-A,950.0,1000.0,95.5783,117.9384,95.5783,95.5783,,117.9384,117.9384,,1.0
261,SPI-AD7.820.02866-F-A,2650.0001,2650.0001,98.4249,93.5008,98.4249,98.4249,,93.5008,93.5008,,1.0
262,SPI-AD7.820.02866-F-A,1250.0,1550.0,103.20179999999999,122.803475,104.8272,101.1912,3.102485820000016,126.4146,119.6769,12.246516955833288,4.0
263,SPI-AD7.820.02866-F-A,750.0,999.0,99.04575,134.47275000000002,99.789,98.3025,1.1048411250000099,134.589,134.3565,0.027028124999997093,2.0
264,SPI-AD7.820.02866-F-A,1100.0,1000.0,103.5813,120.61115000000001,104.9333,102.2293,3.655808000000021,121.4526,119.7697,1.4160762050000062,2.0
265,SPI-AD7.820.02866-F-A,950.0,1000.0,91.136775,107.084475,97.3609,86.3193,21.29529420916668,120.1127,99.2194,89.24739201583338,4.0
266,SPI-AD7.820.02866-F-A,2650.0001,2650.0001,98.5258,95.41783333333335,99.8872,96.7304,2.6326135600000047,102.6199,83.3636,110.35891344333325,3.0
267,SPI-AD7.820.02866-F-A,1100.0,1000.0,103.08959999999999,116.47045,104.6916,101.4876,5.132807999999979,119.3906,113.5503,17.05455204500008,2.0
268,SPI-AD7.820.02866-F-A,950.0,1000.0,98.95085,115.19725,99.9599,97.9418,2.036363805000008,116.2771,114.1174,2.3321520450000017,2.0
269,SPI-AD7.820.02866-F-A,1350.0,1800.0,93.7235,102.0966,93.7235,93.7235,,102.0966,102.0966,,1.0
270,SPI-AD7.820.02866-F-A,2650.0001,2650.0001,98.7507,92.57575,99.77799999999999,97.7234,2.1106905799999867,102.7708,82.3807,207.8780890049998,2.0
271,SPI-AD7.820.02866-F-A,1100.0,1000.0,98.30364999999999,104.39957499999998,102.2439,92.822,6.057783144545453,108.4304,98.7942,13.347222782045465,12.0
272,SPI-AD7.820.02866-F-A,950.0,1000.0,93.76777777777778,109.46883333333331,106.9028,84.3249,20.24877684535947,124.2983,98.4922,37.43430468588236,18.0
273,SPI-AD7.820.02866-F-A,1249.0,2800.0,100.09405,103.27199999999999,102.0759,97.464,2.9255587590000016,115.5308,90.8248,145.13670639200004,6.0
274,SPI-AD7.820.02866-F-A,2650.0001,2650.0001,97.8902,92.4341,97.8902,97.8902,,92.4341,92.4341,,1.0
275,SPI-AD7.820.02866-F-A,750.0,999.0,95.6429,114.7531,95.6429,95.6429,,114.7531,114.7531,,1.0
276,SPI-AD7.820.02866-F-A,1250.0,1550.0,101.68055000000001,112.41255,103.8891,99.47200000000001,9.755386204999958,112.529,112.2961,0.02712120500000018,2.0
277,SPI-AD7.820.02866-F-A,1800.0,1250.0,100.90020833333334,112.71106666666667,102.946,99.1241,1.4787064662878755,117.234,104.1685,13.791007216969696,12.0
278,SPI-AD7.820.02866-F-A,750.0,999.0,90.96505,107.82005000000001,92.3705,89.5596,3.9505794050000107,112.8373,102.8028,50.345595124999946,2.0
279,SPI-AD7.820.02866-F-A,2650.0001,2650.0001,98.9314,96.1075,99.1946,98.6682,0.13854847999999753,100.6538,91.5612,41.33768738000004,2.0
280,SPI-AD7.820.02866-F-A,750.0,999.0,88.8209,106.3366,88.8209,88.8209,,106.3366,106.3366,,1.0
281,SPI-AD7.820.02866-F-A,2650.0001,2650.0001,98.071,100.427,98.071,98.071,,100.427,100.427,,1.0
282,SPI-AD7.820.02866-F-A,950.0,1000.0,97.12017413793097,112.56046896551726,105.0497,87.9038,19.8545558096703,125.2337,89.7153,51.58647094112523,58.0
283,SPI-AD7.820.02866-F-A,1800.0,1250.0,106.78668333333333,117.07266666666668,108.40700000000001,105.1195,1.194112705666671,123.057,110.6339,32.20419398666665,6.0
284,SPI-AD7.820.02866-F-A,950.0,1000.0,92.50737894736844,110.11822631578946,96.9112,85.0762,9.917000718421047,121.6124,96.1754,44.125376157602346,19.0
285,SPI-AD7.820.02866-F-A,1100.0,1000.0,104.32183888888889,124.65167777777778,107.2503,100.0828,3.529251944869279,134.5498,118.6654,16.130722100653585,18.0
286,SPI-AD7.820.02866-F-A,1800.0,1250.0,105.40946666666666,126.08733333333335,106.65899999999999,104.2846,1.0419852346666598,130.1863,118.5034,19.216530826666656,6.0
287,SPI-AD7.820.02866-F-A,320.0,2900.0001,103.5647743902439,105.92241097560975,113.0799,89.8877,29.219477994274307,127.0907,82.0662,109.66792567086574,82.0
288,SPI-AD7.820.02866-F-A,400.0,2099.9999,109.27205454545455,113.97764545454544,113.765,104.7592,11.909764034727278,127.1826,104.6271,52.95368570072726,11.0
289,SPI-AD7.820.02866-F-A,950.0,1000.0,91.84758571428571,106.71877142857143,97.2726,84.4888,24.441112911428547,114.4689,101.0779,28.435440625714293,7.0
290,SPI-AD7.820.02866-F-A,1350.0,1800.0,93.58935,108.68469999999999,94.014,93.1647,0.36065524499999957,112.7242,104.6452,32.63512049999995,2.0
291,SPI-AD7.820.02866-F-A,950.0,1000.0,90.38715,108.65459999999999,92.7579,88.0164,11.240911125000009,110.4412,106.868,6.38387912,2.0
292,SPI-AD7.820.02866-F-A,1100.0,1000.0,102.6118,95.5313,102.6118,102.6118,,95.5313,95.5313,,1.0
293,SPI-AD7.820.02866-F-A,1250.0,1550.0,101.45406666666668,119.55150833333333,102.8445,99.427,1.0633091769696912,123.1952,114.9181,6.577094806287878,12.0
294,SPI-AD7.820.02866-F-A,762.0,862.0,82.88605,98.82325,85.67,79.5374,9.939838330000004,103.8195,90.4959,34.85226339,4.0
295,SPI-AD7.820.02866-F-A,381.0,862.0,98.9122,112.80820000000001,104.5964,88.3716,52.39319365333335,115.6456,105.2664,25.337800586666656,4.0
296,SPI-AD7.820.02866-F-A,750.0,999.0,89.911425,102.82990000000001,91.3824,87.5835,2.744763709166673,107.7121,97.5137,21.09815056666668,4.0
297,SPI-AD7.820.02866-F-A,2650.0001,2650.0001,97.0155,91.86,97.0155,97.0155,,91.86,91.86,,1.0
298,SPI-AD7.820.02866-F-A,750.0,999.0,89.9822,100.5747,91.0297,88.9347,2.1945124999999974,101.7617,99.3877,2.8179380000000225,2.0
299,SPI-AD7.820.02866-F-A,2650.0001,2650.0001,98.33279999999999,101.0095,98.8614,97.8042,0.5588359200000093,103.1376,98.8814,9.05761922000003,2.0
300,SPI-AD7.820.02866-F-A,320.0,2900.0001,108.38802142857146,104.54983571428572,115.8227,101.8688,27.29412838489011,111.6703,95.6679,22.059753214780223,14.0
301,SPI-AD7.820.02866-F-A,2650.0001,2650.0001,98.0504,100.2403,98.0504,98.0504,,100.2403,100.2403,,1.0
302,SPI-AD7.820.02866-F-A,1250.0,1550.0,100.48404,110.10839000000001,103.1297,97.852,2.9646542648888854,115.7307,103.0212,16.883004318777783,10.0
303,SPI-AD7.820.02866-F-A,762.0,862.0,89.2005375,104.91663750000001,97.7506,83.8308,28.139257794107152,112.0708,98.8148,28.97538083125,8.0
304,SPI-AD7.820.02866-F-A,381.0,862.0,105.82374999999999,118.22160000000001,114.2569,94.03299999999999,53.153038414285795,125.756,110.2542,22.112280782857145,8.0
305,SPI-AD7.820.02866-F-A,1100.0,1000.0,102.91421666666666,109.28133333333334,107.3232,100.4459,7.872738389666681,116.3547,105.7039,23.129591446666637,6.0
306,SPI-AD7.820.02866-F-A,950.0,1000.0,96.09175,107.95240000000001,96.7856,95.3979,0.9628556449999934,108.054,107.8508,0.020645119999999063,2.0
307,SPI-AD7.820.02866-F-A,1350.0,1800.0,94.92085,99.9179,96.7416,93.1001,6.630261125000028,107.0182,92.8176,100.82852017999991,2.0
308,SPI-AD7.820.02866-F-A,950.0,1000.0,92.90809999999999,112.1781,94.5448,91.2714,5.357573779999985,112.7646,111.5916,0.6879645000000021,2.0
309,SPI-AD7.820.02866-F-A,650.0,2201.0,109.0199,115.0258,109.0437,108.9961,0.0011328800000001311,115.6837,114.3679,0.8656648199999946,2.0
310,SPI-AD7.820.02866-F-A,2450.0,2650.0001,97.39299999999999,85.7504,97.39299999999999,97.39299999999999,,85.7504,85.7504,,1.0
311,SPI-AD7.820.02866-F-A,1100.0,1000.0,102.55966666666667,110.6044,105.4382,98.5493,12.825020823333315,118.9458,102.8984,64.6825615600001,3.0
312,SPI-AD7.820.02866-F-A,1800.0,1250.0,102.48935,113.72040000000001,103.56,101.4187,2.2925828450000023,118.8675,108.5733,52.98527682000004,2.0
313,SPI-AD7.820.02866-F-A,2450.0,2650.0001,97.698,94.2597,97.698,97.698,,94.2597,94.2597,,1.0
314,SPI-AD7.820.02866-F-A,650.0,2201.0,106.09432499999998,108.61892499999999,109.7772,101.855,5.987933131136355,116.0444,98.5867,34.40509549840909,12.0
315,SPI-AD7.820.02866-F-A,2650.0001,2650.0001,99.60542500000001,100.80720000000001,100.6714,98.1501,1.4842238491666775,108.2402,90.4547,65.30512626,4.0
316,SPI-AD7.820.02866-F-A,1250.0,1550.0,110.021075,153.39885,117.6588,103.2817,48.00761374916669,184.6484,127.7338,777.6768029433338,4.0
317,SPI-AD7.820.02866-F-A,1100.0,1000.0,102.55980333333332,115.92188999999999,107.6782,97.1136,9.938225281712633,131.7856,100.51,63.6137178892069,30.0
318,SPI-AD7.820.02866-F-A,950.0,1000.0,92.73208125000001,111.99705625,100.8599,86.4284,21.190466409625003,117.3661,105.0833,15.579498362625003,16.0
319,SPI-AD7.820.02866-F-A,650.0,2201.0,108.67199285714285,121.81397142857143,113.0075,106.6345,3.1782829145604388,127.3668,110.0898,23.332171005274738,14.0
320,SPI-AD7.820.02866-F-A,1124.0,870.0,100.15207499999998,116.435725,102.6012,95.6362,4.397115074772734,122.4756,108.0016,18.06266512931819,12.0
321,SPI-AD7.820.02866-F-A,1100.0,1000.0,102.15702727272725,120.72534999999999,110.3373,99.0198,6.658729706839826,132.9406,108.4658,34.006989035000004,22.0
322,SPI-AD7.820.02866-F-A,400.0,2099.9999,103.5429878787879,116.30251818181819,111.9266,98.4743,14.737805877973482,124.5789,104.5607,33.8151200977841,33.0
323,SPI-AD7.820.02866-F-A,650.0,2000.0,113.79590833333334,123.11034583333333,116.1686,111.9449,1.3902487216666666,133.9136,114.3118,40.88972954346013,24.0
324,SPI-AD7.820.02866-F-A,950.0,1000.0,93.85456428571429,108.96379999999999,101.469,87.9571,16.613015819395596,127.9194,95.6553,115.78539439076923,14.0
325,SPI-AD7.820.02866-F-A,650.0,2549.0,106.24781,103.81667999999999,108.1166,103.3268,1.7440268987777783,107.4083,98.4734,6.7659525128888856,10.0
326,SPI-AD7.820.02866-F-A,1124.0,870.0,100.85166666666667,114.39346666666667,103.7791,97.18,3.6109185369696917,119.1533,105.646,16.33697714424243,12.0
327,SPI-AD7.820.02866-F-A,1100.0,1000.0,103.08124166666666,121.99609166666669,106.0542,100.5753,3.0770644226515103,142.6809,105.4938,122.59339300446969,12.0
328,SPI-AD7.820.02866-F-A,650.0,2549.0,105.43478000000002,111.55303,106.8329,104.0677,0.5769006017777741,114.3588,108.4861,4.192547089000009,10.0
329,SPI-AD7.820.02866-F-A,650.0,2000.0,113.4628692307692,118.61740000000002,115.0197,111.0929,1.3367321358153847,135.957,108.2351,50.32128068719999,26.0
330,SPI-AD7.820.02866-F-A,950.0,1000.0,96.6628423076923,110.13932692307691,106.0499,89.8149,20.037308495338458,121.9599,93.2567,61.21554875884616,26.0
331,SPI-AD7.820.02866-F-A,762.0,862.0,83.91754444444445,109.47417222222224,87.7306,78.6981,8.418635074379088,122.5438,99.6516,43.340694635065354,18.0
332,SPI-AD7.820.02866-F-A,381.0,862.0,112.79669375,132.302625,118.1535,109.6482,5.343794428625002,144.5792,123.0114,29.444808772666665,16.0
333,SPI-AD7.820.02866-F-A,1100.0,1000.0,105.7345375,120.79791250000001,110.7445,102.7324,5.857739948392864,137.6654,106.7509,132.74534923839286,8.0
334,SPI-AD7.820.02866-F-A,762.0,862.0,89.862525,111.87389999999999,97.1516,83.1249,32.907314409166695,119.7023,102.3776,54.22867123333328,4.0
335,SPI-AD7.820.02866-F-A,381.0,862.0,105.8824,123.57465,113.5016,98.4136,51.03091608000002,130.2113,116.5852,58.056969523333315,4.0
336,SPI-AD7.820.02866-F-A,762.0,862.0,86.2103375,110.42303749999999,89.4253,82.8239,5.833728305535724,116.4882,103.3892,24.640759319821438,8.0
337,SPI-AD7.820.02866-F-A,381.0,862.0,113.6307375,129.435675,118.014,110.7186,8.336183279821425,136.05700000000002,123.5463,16.399121850714305,8.0
338,SPI-AD7.820.02866-F-A,950.0,1000.0,95.32768571428572,107.03585714285714,103.2223,87.2233,28.996053481318686,118.9171,93.5661,40.08258475494507,14.0
339,SPI-AD7.820.02866-F-A,1124.0,870.0,100.93199374999999,112.55319999999998,104.8659,98.6992,2.153687224624995,119.3093,105.7698,15.259276487999992,16.0
340,SPI-AD7.820.02866-F-A,1100.0,1000.0,102.026225,115.63282500000003,106.3592,98.0735,4.498308592666671,125.8533,108.8193,19.546450448666675,16.0
341,SPI-AD7.820.02866-F-A,650.0,2000.0,112.39690000000003,116.14015512820515,115.448,109.7287,1.4901478368831156,130.7516,98.5938,37.30257948510323,78.0
342,SPI-AD7.820.02866-F-A,1100.0,1000.0,104.97925000000001,124.59665000000001,105.4566,104.5019,0.45572604499998887,125.5049,123.6884,1.6498361250000089,2.0
343,SPI-AD7.820.02866-F-A,950.0,1000.0,97.09132727272727,114.00903636363637,103.0037,90.6432,11.301837399220778,129.1021,102.1926,46.04870870147188,22.0
344,SPI-AD7.820.02866-F-A,762.0,862.0,85.02191666666667,106.12618333333334,92.7301,78.0796,30.366083317666657,118.7153,94.3883,96.74354147766661,6.0
345,SPI-AD7.820.02866-F-A,381.0,862.0,115.0871875,133.8893125,128.8279,108.5095,49.36684554982141,149.1539,120.2328,104.49189189267854,8.0
346,SPI-AD7.820.02866-F-A,1100.0,1000.0,105.86133333333332,120.98306666666667,108.728,99.8408,10.826014682666663,137.393,105.3975,148.4662236746667,6.0
347,SPI-AD7.820.02866-F-A,400.0,1850.0,120.18688333333333,130.24734629629629,127.3711,111.434,20.294561085566034,151.955,114.9825,59.051425358004884,54.0
348,SPI-AD7.820.02866-F-A,950.0,1000.0,94.89647857142856,106.07014285714286,102.75299999999999,86.9402,28.37181775412086,117.6093,93.1458,40.521185065714306,14.0
349,SPI-AD7.820.02866-F-A,1124.0,870.0,100.73595,111.71723124999998,103.0526,97.8802,2.1822612733333298,117.7356,105.0083,14.078642616958325,16.0
350,SPI-AD7.820.02866-F-A,1100.0,1000.0,102.12399375,115.53618125000001,106.12899999999999,98.1074,5.332357639291662,125.3374,106.2784,21.60191066562499,16.0
351,SPI-AD7.820.02866-F-A,650.0,2000.0,112.34791794871798,115.84238461538462,115.4823,108.7929,1.6797106521411915,130.8614,100.1001,35.98857723976025,78.0
352,SPI-AD7.820.02866-F-A,950.0,1000.0,89.8969,104.91659999999999,90.9157,88.8781,2.0759068799999953,107.5131,102.3201,13.483624499999989,2.0
353,SPI-AD7.820.02866-F-A,650.0,2549.0,106.18118999999999,103.50820000000002,108.0947,103.6101,1.4063407743333345,108.5463,98.0355,8.615817682222229,10.0
354,SPI-AD7.820.02866-F-A,1124.0,870.0,101.21805,112.76044999999999,104.1661,97.8606,4.087050486363633,117.7418,102.0147,23.2142386681818,12.0
355,SPI-AD7.820.02866-F-A,1100.0,1000.0,100.41431666666666,111.13598333333334,105.5015,97.1899,8.823270145666653,114.8579,105.3576,12.978572573666645,6.0
356,SPI-AD7.820.02866-F-A,650.0,2549.0,105.67264,111.47859000000001,106.8459,103.5691,0.7666421604444426,114.4385,107.4188,3.98745554322222,10.0
357,SPI-AD7.820.02866-F-A,650.0,2000.0,113.22485769230768,117.4128076923077,116.1307,111.2358,1.5821564225384643,134.5855,102.4088,52.29322903113845,26.0
358,SPI-AD7.820.02866-F-A,950.0,1000.0,95.41887857142858,113.24391428571428,103.6647,82.7079,34.33798055104395,135.839,95.2817,155.52883489824183,14.0
359,SPI-AD7.820.02866-F-A,1100.0,1000.0,103.84521111111111,124.04362222222224,109.4144,99.2926,7.7965285716339885,145.2056,113.1144,105.6294221559477,18.0
360,SPI-AD7.820.02866-F-A,950.0,1000.0,93.8162625,114.48931250000001,103.1468,84.2668,40.76097308916668,122.0997,104.9057,28.211236477166675,16.0
361,SPI-AD7.820.02866-F-A,1100.0,1000.0,101.6076611111111,117.09013055555553,107.7386,96.677,6.818518152730158,133.1445,97.4563,72.38501400618256,36.0
362,SPI-AD7.820.02866-F-A,950.0,1000.0,91.6072,106.05505,93.6989,89.5155,8.750417779999966,109.2234,102.8867,20.076883444999957,2.0
363,SPI-AD7.820.02866-F-A,650.0,2201.0,109.36069285714287,121.5987642857143,112.6335,107.2392,2.6871990622527417,127.4622,109.4527,19.23470896708793,14.0
364,SPI-AD7.820.02866-F-A,1124.0,870.0,100.64339999999999,114.41110833333333,102.5863,94.8835,4.9176967072727304,119.34899999999999,100.4088,27.863237906287875,12.0
365,SPI-AD7.820.02866-F-A,1100.0,1000.0,103.76291999999998,117.48597,109.87200000000001,100.6558,6.495735888444468,122.4408,107.5295,25.800201026777767,10.0
366,SPI-AD7.820.02866-F-A,400.0,2099.9999,103.67975227272728,113.76561363636361,114.3561,97.2982,20.268949063017974,126.6692,96.1921,60.497461944460916,44.0
367,SPI-AD7.820.02866-F-A,650.0,2000.0,113.72243333333336,120.92867500000001,115.8432,110.7242,1.7334711605797093,130.4273,110.2089,42.84021569847829,24.0
368,SPI-AD7.820.02866-F-A,1100.0,1000.0,102.66844999999999,108.96303333333333,108.4194,100.1916,10.953814451000001,116.2937,103.8694,30.98504699866667,6.0
369,SPI-AD7.820.02866-F-A,950.0,1000.0,96.61054999999999,107.6981,97.7649,95.4562,2.665047845000004,108.9275,106.4687,3.0228487199999914,2.0
370,SPI-AD7.820.02866-F-A,1350.0,1800.0,95.1462,99.71315,96.8052,93.4872,5.504561999999993,106.3198,93.1065,87.29564844500005,2.0
371,SPI-AD7.820.02866-F-A,950.0,1000.0,93.0463,112.2834,95.27799999999999,90.8146,9.960969779999967,113.4426,111.1242,2.6874892799999928,2.0
372,SPI-AD7.820.02866-F-A,650.0,2201.0,109.52539999999999,116.05075,109.5633,109.4875,0.002872820000000074,116.3277,115.7738,0.1534026049999993,2.0
373,SPI-AD7.820.02866-F-A,2450.0,2650.0001,97.2629,85.9661,97.2629,97.2629,,85.9661,85.9661,,1.0
374,SPI-AD7.820.02866-F-A,1100.0,1000.0,102.85403333333335,110.55,105.9762,98.98,12.66068122333334,118.4667,102.1743,66.51858519000001,3.0
375,SPI-AD7.820.02866-F-A,1800.0,1250.0,102.6857,113.87705,103.7649,101.6065,2.3293452800000005,118.5275,109.2266,43.253370404999984,2.0
376,SPI-AD7.820.02866-F-A,2450.0,2650.0001,97.7147,94.223,97.7147,97.7147,,94.223,94.223,,1.0
377,SPI-AD7.820.02866-F-A,650.0,2201.0,106.63701666666664,109.07111666666667,109.6301,103.1262,5.179227974242419,117.3506,99.5893,33.832521836060614,12.0
378,SPI-AD7.820.02866-F-A,2650.0001,2650.0001,99.06215,100.07075,100.2702,97.735,1.3439054433333366,107.6737,90.084,64.18236324333328,4.0
379,SPI-AD7.820.02866-F-A,1350.0,1800.0,94.5902,106.96475000000001,95.449,93.7314,1.4750748800000077,113.1864,100.7431,77.4178574450001,2.0
380,SPI-AD7.820.02866-F-A,1250.0,1550.0,100.97929545454545,115.05867272727274,103.9298,98.5798,1.7666949109307337,121.1111,108.965,9.931749324935062,22.0
381,SPI-AD7.820.02866-F-A,762.0,862.0,90.84124999999997,108.37473750000001,99.4643,85.7265,26.404542997142837,116.1936,101.4161,41.55380728267858,8.0
382,SPI-AD7.820.02866-F-A,381.0,862.0,108.80492499999998,123.74579999999999,116.3663,102.8406,26.364387847857152,129.3759,121.0369,11.155861759999983,8.0
383,SPI-AD7.820.02866-F-A,750.0,999.0,90.29965,101.609725,91.3343,88.3278,1.809613523333339,105.8513,97.7711,12.275360242499971,4.0
384,SPI-AD7.820.02866-F-A,2650.0001,2650.0001,98.2675,94.6779,98.2675,98.2675,,94.6779,94.6779,,1.0
385,SPI-AD7.820.02866-F-A,1100.0,1000.0,103.95570000000001,117.15055000000001,105.7306,102.1808,6.300540019999966,120.5104,113.7907,22.57718404500002,2.0
386,SPI-AD7.820.02866-F-A,950.0,1000.0,100.58895,115.1812,101.2688,99.9091,0.924392045000005,115.9025,114.4599,1.0405473799999982,2.0
387,SPI-AD7.820.02866-F-A,2650.0001,2650.0001,98.16123333333333,92.62113333333333,98.6278,97.4046,0.4371585633333297,99.2433,82.8322,74.85235914333335,3.0
388,SPI-AD7.820.02866-F-A,1100.0,1000.0,96.80095,101.44295,98.9113,93.419,3.975070151000004,105.6538,99.0103,6.393312147000002,6.0
389,SPI-AD7.820.02866-F-A,950.0,1000.0,93.42074444444445,108.13648888888888,106.6664,83.3438,21.996041220261425,123.4494,96.5969,37.204637272810444,18.0
390,SPI-AD7.820.02866-F-A,1249.0,2800.0,99.6968,101.79123333333332,101.9987,96.8121,3.733960003999994,113.96700000000001,89.1958,148.04282529866666,6.0
391,SPI-AD7.820.02866-F-A,2650.0001,2650.0001,97.7397,91.6724,97.7397,97.7397,,91.6724,91.6724,,1.0
392,SPI-AD7.820.02866-F-A,750.0,999.0,96.8468,114.0707,96.8468,96.8468,,114.0707,114.0707,,1.0
393,SPI-AD7.820.02866-F-A,1250.0,1550.0,102.0613,112.20435,103.9766,100.146,7.336748180000015,112.288,112.1207,0.013994644999999556,2.0
394,SPI-AD7.820.02866-F-A,1800.0,1250.0,100.99508999999999,111.89056000000001,102.4473,99.9132,0.9519389832222254,115.3779,105.2762,11.656849471555551,10.0
395,SPI-AD7.820.02866-F-A,750.0,999.0,92.01495,108.95915,94.0192,90.0107,8.034036124999991,113.8419,104.0764,47.68249512499989,2.0
396,SPI-AD7.820.02866-F-A,2650.0001,2650.0001,98.77090000000001,94.6009,98.8782,98.6636,0.02302658000000093,99.0211,90.1807,39.07633608000002,2.0
397,SPI-AD7.820.02866-F-A,750.0,999.0,89.0405,106.0241,89.0405,89.0405,,106.0241,106.0241,,1.0
398,SPI-AD7.820.02866-F-A,2650.0001,2650.0001,98.4424,100.4347,98.4424,98.4424,,100.4347,100.4347,,1.0
399,SPI-AD7.820.02866-F-A,1100.0,1000.0,101.57665000000001,117.17558333333334,102.1372,100.585,0.5426534830000043,119.1763,115.321,2.3317430576666616,6.0
400,SPI-AD7.820.02866-F-A,950.0,1000.0,97.14483333333334,111.03629074074071,106.6323,87.9847,18.224262232075464,125.4255,87.3639,49.94413998991266,54.0
401,SPI-AD7.820.02866-F-A,1100.0,1000.0,104.06488333333334,120.78384999999999,106.3653,100.4475,4.549835133666664,130.9637,111.7632,55.62940121499994,6.0
402,SPI-AD7.820.02866-F-A,750.0,999.0,95.5264,118.6711,95.5264,95.5264,,118.6711,118.6711,,1.0
403,SPI-AD7.820.02866-F-A,2032.0001,2032.0001,98.98782500000002,101.3387625,102.0982,94.649,5.220458730714285,119.0575,82.9187,118.72174533125,8.0
404,SPI-AD7.820.02866-F-A,1250.0,1550.0,104.21735,124.3691,105.2135,103.2212,1.9846296450000003,128.389,120.3492,32.31919202000011,2.0
405,SPI-AD7.820.02866-F-A,1800.0,1250.0,103.19525,124.92065,104.1924,102.1981,1.9886162450000193,127.669,122.1723,15.106855444999944,2.0
406,SPI-AD7.820.02866-F-A,950.0,1000.0,94.92673333333333,113.60560833333334,102.7939,88.4661,14.806331820579713,124.4363,98.2322,41.941557495579715,24.0
407,SPI-AD7.820.02866-F-A,1100.0,1000.0,103.40682105263159,119.84091578947373,108.0985,99.76799999999999,3.7991843984210556,129.3796,109.7316,24.059371540292403,19.0
408,SPI-AD7.820.02866-F-A,762.0,862.0,88.69775,108.22815000000001,94.4287,83.3897,20.60777819666668,118.6297,97.4826,86.82757006999996,4.0
409,SPI-AD7.820.02866-F-A,381.0,862.0,105.12604999999999,124.182725,111.0584,93.4897,67.30974581666668,131.2949,113.7397,61.43621054916675,4.0
410,SPI-AD7.820.02866-F-A,2650.0001,2650.0001,98.9274,96.8668,98.9274,98.9274,,96.8668,96.8668,,1.0
411,SPI-AD7.820.02866-F-A,750.0,999.0,93.96715,112.19785,94.3272,93.6071,0.2592720050000016,114.6336,109.7621,11.865756124999988,2.0
412,SPI-AD7.820.02866-F-A,2650.0001,2650.0001,99.0057,109.9821,99.0057,99.0057,,109.9821,109.9821,,1.0
413,SPI-AD7.820.02866-F-A,1800.0,1250.0,104.12427499999998,119.53137500000003,105.6324,102.1891,1.2194280850000048,126.5198,112.4449,37.96772829642857,8.0
414,SPI-AD7.820.02866-F-A,320.0,2900.0001,108.62553,111.39181374999998,118.34700000000001,92.6013,40.75990636769619,132.1354,85.8141,127.9394880308212,80.0
415,SPI-AD7.820.02866-F-A,1100.0,1000.0,99.5705,109.93639999999999,99.6022,99.5388,0.0020097800000000924,111.0783,108.7945,2.6078712199999985,2.0
416,SPI-AD7.820.02866-F-A,950.0,1000.0,93.65894166666669,108.06420833333333,99.162,86.8146,8.70761573384058,122.0045,94.61,52.15307801818838,24.0
417,SPI-AD7.820.02866-F-A,1800.0,1250.0,108.5984,125.75047500000001,109.5185,107.604,0.7978427400000018,130.8368,122.4605,12.89608872250004,4.0
418,SPI-AD7.820.02866-F-A,320.0,2900.0001,105.64508125,112.09047500000003,112.6421,96.713,27.65339745762502,124.5359,95.0901,136.93357877933332,16.0
419,SPI-AD7.820.02866-F-A,400.0,1850.0,119.59750000000004,121.97053913043476,130.1886,107.8328,36.62627132177777,136.2418,108.3505,52.13765408465702,46.0
420,SPI-AD7.820.02866-F-A,950.0,1000.0,95.64104545454546,108.4853090909091,103.7653,89.5235,18.807327957835508,118.4683,97.2399,42.78321650562771,22.0
421,SPI-AD7.820.02866-F-A,762.0,862.0,83.1238260869565,105.65368260869566,89.1751,75.5418,14.916669796561267,118.3124,95.1388,47.42795441604742,23.0
422,SPI-AD7.820.02866-F-A,381.0,862.0,112.3182181818182,130.14138636363637,120.3119,105.5223,11.9575293987013,141.768,120.8209,30.14201263170998,22.0
423,SPI-AD7.820.02866-F-A,1100.0,1000.0,104.36675,123.48075,108.92,101.9219,10.388920590000017,129.7449,119.4616,22.36044821666665,4.0
424,SPI-AD7.820.02866-F-A,762.0,862.0,89.65552499999998,109.545,99.97200000000001,81.96,56.36352050250009,119.697,100.5148,67.24415096000007,4.0
425,SPI-AD7.820.02866-F-A,381.0,862.0,103.96715,119.2152,109.5742,96.3891,36.51202800333334,125.7724,111.8975,47.09876408666673,4.0
426,SPI-AD7.820.02866-F-A,762.0,862.0,85.49965714285716,106.33131428571427,88.287,82.0063,5.21529878952382,110.3017,98.18299999999999,19.454247334761934,7.0
427,SPI-AD7.820.02866-F-A,381.0,862.0,113.33268333333335,127.49710000000003,115.4698,111.7186,1.9425328776666795,132.5894,120.5773,18.04466574400003,6.0
428,SPI-AD7.820.02866-F-A,400.0,1850.0,121.7214375,131.9912125,127.0359,115.1919,24.64185473124999,142.1903,119.2452,69.44389792410719,8.0
429,SPI-AD7.820.02866-F-A,950.0,1000.0,94.85325,105.82721666666667,96.6221,92.3117,2.6961967389999986,109.6794,100.789,12.808111905666658,6.0
430,SPI-AD7.820.02866-F-A,762.0,862.0,84.023,104.5129,84.023,84.023,,104.5129,104.5129,,1.0
431,SPI-AD7.820.02866-F-A,381.0,862.0,113.0283,130.5129,114.35700000000001,111.6996,3.530887380000026,131.7245,129.3013,2.9359491200000205,2.0
432,SPI-AD7.820.02866-F-A,1100.0,1000.0,105.02005,115.651275,107.2067,103.3973,3.529413989999993,125.9564,108.6094,57.07032235583339,4.0
433,SPI-AD7.820.02866-F-A,762.0,862.0,89.4007,116.9479,89.4007,89.4007,,116.9479,116.9479,,1.0
434,SPI-AD7.820.02866-F-A,381.0,862.0,120.01055,133.84635,122.5659,117.4552,13.05962724499997,138.5753,129.1174,44.725936204999954,2.0
435,SPI-AD7.820.02866-F-A,950.0,1000.0,94.649056,107.125788,106.4131,88.9986,19.259528895066683,122.0347,93.8136,44.96733702610001,25.0
436,SPI-AD7.820.02866-F-A,1100.0,1000.0,105.4855125,119.31132500000001,109.2256,102.1322,8.331233158392852,130.1651,110.8015,61.44204087357142,8.0
437,SPI-AD7.820.02866-F-A,750.0,2400.0001,99.3919125,101.5077375,103.0743,95.2342,6.6753597355357055,112.9463,94.5028,34.57724375410713,8.0
438,SPI-AD7.820.02866-F-A,1350.0,1800.0,97.39028888888888,117.56202222222224,98.1631,96.6688,0.3158198736111119,125.6026,110.6381,22.64368895194444,9.0
439,SPI-AD7.820.02866-F-A,950.0,1000.0,98.56438372093021,116.24051395348839,104.8649,92.7026,12.47431933282393,131.088,96.8697,36.82240279789592,43.0
440,SPI-AD7.820.02866-F-A,762.0,862.0,94.05627499999999,116.62580833333334,100.15,87.7837,19.751634247500007,127.7892,106.3331,69.56189364446965,12.0
441,SPI-AD7.820.02866-F-A,381.0,862.0,106.636925,127.49390833333332,112.9858,100.5478,18.937799682045476,134.7657,121.3854,20.054923224469693,12.0
442,SPI-AD7.820.02866-F-A,500.0,2599.9999,113.86608860759499,111.31473797468351,118.5026,108.7447,4.320640989227523,123.3191,98.4856,25.740336108795855,79.0
443,SPI-AD7.820.02866-F-A,950.0,1000.0,92.45226,108.15544,93.8271,91.1441,1.693755042999998,110.0884,104.4114,4.906767502999993,5.0
444,SPI-AD7.820.02866-F-A,500.0,2599.9999,118.05635238095238,111.8155380952381,119.861,114.9175,1.7654022156190483,116.7497,103.9934,12.994939428476195,21.0
445,SPI-AD7.820.02866-F-A,762.0,862.0,87.30921111111111,109.79182222222224,98.2142,79.3979,28.712315246928114,120.6932,101.7123,24.155328912418305,18.0
446,SPI-AD7.820.02866-F-A,381.0,862.0,119.83228000000001,134.29386000000002,130.2194,108.2216,42.65027789852634,141.0186,122.9521,24.48917033094735,20.0
447,SPI-AD7.820.02866-F-A,1100.0,1000.0,102.92192500000002,117.4426,104.1186,102.1057,0.7369466291666676,120.0145,114.7983,5.984988326666662,4.0
448,SPI-AD7.820.02866-F-A,500.0,2599.9999,110.36185454545453,111.68615454545456,112.6197,107.0096,4.18204520472726,118.8335,102.27600000000001,33.14346536472725,11.0
449,SPI-AD7.820.02866-F-A,950.0,1000.0,94.8545,106.84344999999999,96.6905,93.0185,6.74179199999999,109.7075,103.9794,16.405564804999987,2.0
